,City,Country,Latitude,Longitude,Temperatures,Humidity,Cloudiness,Windiness
<<<<<<< HEAD
0,São João da Barra,BR,-21.6403,-41.0511,70.93,90,100,6.82
1,Cayenne,GF,4.9333,-52.3333,78.8,78,75,8.05
2,Hobart,AU,-42.8794,147.3294,61.0,44,75,12.66
3,Hermanus,ZA,-34.4187,19.2345,61.0,92,6,4.81
4,Lompoc,US,34.6391,-120.4579,57.2,72,1,12.66
5,Atuona,PF,-9.8,-139.0333,79.63,77,85,19.35
6,Fort Nelson,CA,58.8053,-122.7002,-16.6,69,75,10.36
7,Båtsfjord,NO,70.6345,29.7185,24.8,74,40,21.85
8,Albany,US,42.6001,-73.9662,19.99,53,70,1.05
9,Hilo,US,19.7297,-155.09,80.6,61,90,8.05
10,Bredasdorp,ZA,-34.5322,20.0403,60.8,88,6,2.3
11,Nanortalik,GL,60.1432,-45.2371,29.93,91,85,13.38
12,Mataura,NZ,-46.1927,168.8643,55.63,96,100,4.83
13,Spearfish,US,44.4908,-103.8594,3.0,71,40,5.75
14,Pisco,PE,-13.7,-76.2167,73.4,78,0,20.71
15,Nanyuki,KE,0.0167,37.0728,59.05,81,97,2.73
16,Punta Arenas,CL,-53.15,-70.9167,64.4,59,0,12.66
17,Tuktoyaktuk,CA,69.4541,-133.0374,-41.8,74,1,2.3
18,Hithadhoo,MV,-0.6,73.0833,82.54,77,90,10.67
19,Ushuaia,AR,-54.8,-68.3,64.4,45,0,10.36
20,Dikson,RU,73.5069,80.5464,-30.98,85,80,13.69
21,Denpasar,ID,-8.65,115.2167,78.8,94,20,3.44
22,Hasaki,JP,35.7333,140.8333,37.4,32,20,10.36
23,Huarmey,PE,-10.0681,-78.1522,72.66,77,76,9.82
24,Rikitea,PF,-23.1203,-134.9692,77.88,69,18,3.44
25,Provideniya,RU,64.3833,-173.3,5.0,78,75,24.61
26,Iqaluit,CA,63.7506,-68.5145,23.0,80,90,3.44
27,Krasnosel'kup,RU,65.7,82.4667,-9.06,90,55,8.16
28,Antofagasta,CL,-23.65,-70.4,68.0,77,20,12.66
29,Mar del Plata,AR,-38.0023,-57.5575,64.0,63,0,14.97
30,Victor Harbor,AU,-35.5667,138.6167,69.01,64,0,8.05
31,Cherskiy,RU,68.75,161.3,7.25,77,94,5.77
32,Esperance,AU,-33.8667,121.9,64.4,82,75,6.91
33,Yuci,CN,37.6803,112.7319,19.4,73,0,2.24
34,Beloha,MG,-25.1667,45.05,76.32,83,100,1.92
35,Kaitangata,NZ,-46.2817,169.8464,62.01,90,100,5.01
36,Pevek,RU,69.7008,170.3133,-10.32,80,100,1.86
37,Duluth,US,46.7833,-92.1066,-2.2,46,1,8.05
38,Bluff,NZ,-46.6,168.3333,55.76,91,100,12.48
39,Vredendal,ZA,-31.6683,18.5012,64.29,83,0,2.01
40,Stromness,GB,58.965,-3.296,30.2,80,75,5.75
41,Cururupu,BR,-1.8283,-44.8683,77.16,85,7,4.29
42,Puerto Ayora,EC,-0.7393,-90.3518,78.01,95,98,1.99
43,Hermosillo,MX,29.0667,-110.9667,80.01,14,0,3.0
44,Culiacán,MX,24.7994,-107.3897,80.6,19,1,9.22
45,Busselton,AU,-33.65,115.3333,61.0,96,93,1.01
46,Cape Town,ZA,-33.9258,18.4232,70.0,88,0,21.85
47,Knysna,ZA,-34.0363,23.0471,60.8,94,0,3.44
48,Upernavik,GL,72.7868,-56.1549,15.48,77,0,5.61
49,Husavik,IS,66.0449,-17.3389,30.2,86,75,6.91
50,Palmer,US,42.1584,-72.3287,21.2,42,40,4.61
51,Barrow,US,71.2906,-156.7887,-31.0,84,1,11.5
52,Westport,US,41.1415,-73.3579,28.4,50,1,9.22
53,Chapais,CA,49.7834,-74.8492,-4.0,71,1,4.61
54,Ponta Delgada,PT,37.7333,-25.6667,59.0,94,20,14.97
55,Chui,UY,-33.6971,-53.4616,64.69,90,89,4.41
56,Kremenchuk,UA,49.0973,33.4197,24.96,97,100,21.14
57,Mount Isa,AU,-20.7333,139.5,78.8,100,40,8.05
58,Richards Bay,ZA,-28.783,32.0377,74.41,91,85,3.98
59,Kavaratti,IN,10.5669,72.642,81.16,64,0,7.18
60,Road Town,VG,18.4167,-64.6167,77.0,69,20,12.66
61,Basoko,CD,1.2391,23.616,71.67,43,75,2.57
62,Waipawa,NZ,-41.4122,175.5153,69.01,73,90,23.02
63,Winnemucca,US,40.973,-117.7357,53.6,14,1,14.97
64,Stornoway,GB,58.2093,-6.3865,32.0,64,15,9.22
65,Robstown,US,27.7903,-97.6689,77.0,73,40,16.11
66,Eureka,US,40.8021,-124.1637,51.01,76,100,3.0
67,Vila,PT,42.0304,-8.1588,44.01,94,100,10.0
68,Maceió,BR,-9.6658,-35.7353,75.2,88,0,6.91
69,Port Alfred,ZA,-33.5906,26.891,66.99,86,62,6.98
70,Yellandu,IN,17.6,80.3333,61.07,94,43,0.67
71,Thinadhoo,MV,0.5333,72.9333,82.31,79,67,12.71
72,Sawtell,AU,-30.3833,153.1,70.0,88,90,6.91
73,Teknāf,BD,20.8624,92.3058,62.35,62,0,5.7
74,Viedma,AR,-40.8135,-62.9967,64.0,60,0,12.64
75,George Town,MY,5.4112,100.3354,77.0,88,40,2.3
76,Butaritari,KI,3.0707,172.7902,81.91,83,73,21.12
77,Buala,SB,-8.145,159.5921,83.95,76,100,11.16
78,Marau,BR,-28.4492,-52.2,65.26,82,0,4.7
79,Berlevåg,NO,70.8578,29.0864,24.8,74,40,21.85
80,Castro,BR,-24.7911,-50.0119,60.8,91,35,7.61
81,Sédhiou,SN,12.7081,-15.5569,73.17,22,0,3.2
82,Avarua,CK,-21.2078,-159.775,86.0,70,20,8.05
83,Souillac,MU,-20.5167,57.5167,77.0,88,40,3.44
84,Cananéia,BR,-25.0147,-47.9267,72.59,74,23,6.76
85,Tsimmerbude,RU,54.675,20.1347,17.6,86,90,22.37
86,Russell,US,32.3502,-85.1999,60.8,51,90,4.61
87,Lavrentiya,RU,65.5833,-171.0,-3.28,83,100,11.05
88,Ponta do Sol,PT,32.6667,-17.1,57.99,75,23,3.0
89,Boyabat,TR,41.4689,34.7667,50.86,54,82,2.06
90,Torbay,CA,47.6666,-52.7314,32.0,100,90,29.93
91,Qaanaaq,GL,77.484,-69.3632,20.48,78,99,7.05
92,Coahuayana Viejo,MX,18.7333,-103.6833,77.0,61,1,9.22
93,Bukama,CD,-9.2,25.85,69.85,94,100,0.4
94,Beringovskiy,RU,63.05,179.3167,1.63,93,100,7.56
95,Kautokeino,NO,69.0125,23.0412,2.62,91,91,2.66
96,Saskylakh,RU,71.9167,114.0833,-32.87,83,11,0.72
97,Fortuna,US,40.5982,-124.1573,51.01,87,1,8.05
98,Mahébourg,MU,-20.4081,57.7,77.0,88,40,3.44
99,Karratha,AU,-20.7377,116.8463,81.66,65,21,13.4
100,Madang,PG,-5.2246,145.7966,84.04,73,95,7.18
101,Malakal,SS,9.5334,31.6605,71.33,22,15,7.78
102,Yellowknife,CA,62.456,-114.3525,-27.4,68,90,17.27
103,Macenta,GN,8.5435,-9.471,73.27,59,32,3.04
104,Port Elizabeth,ZA,-33.918,25.5701,66.2,82,0,5.75
105,Petauke,ZM,-14.2426,31.3253,67.59,96,100,3.44
106,Arraias,BR,-12.9288,-46.9437,66.65,97,39,0.81
107,Saravan,AM,39.7196,45.6483,37.4,87,40,9.22
108,Mpanda,TZ,-6.3655,31.0409,65.62,92,100,1.66
109,Vaini,TO,-21.2,-175.2,80.6,89,90,13.8
110,Lorengau,PG,-2.0226,147.2712,85.73,68,21,6.38
111,Aldan,RU,58.6031,125.3894,-2.58,92,100,2.75
112,Bethel,US,41.3712,-73.414,21.99,63,1,1.83
113,Khatanga,RU,71.9667,102.5,-16.58,84,37,11.9
114,Leiyang,CN,26.4024,112.8591,48.47,87,100,4.54
115,Jiwani,PK,25.05,61.7417,67.95,73,100,9.71
116,Ribeira Grande,PT,38.5167,-28.7,60.42,78,100,15.73
117,Chumikan,RU,54.7183,135.315,-3.15,84,99,23.44
118,Lebu,CL,-37.6167,-73.65,60.58,91,7,8.48
119,Solnechnyy,RU,50.7214,136.6319,-2.25,89,98,3.13
120,Humberto de Campos,BR,-2.5983,-43.4611,78.22,84,99,5.95
121,Araceli,PH,10.5529,119.9913,79.77,83,98,23.04
122,Thompson,CA,55.7435,-97.8558,-14.8,70,90,11.5
123,Kapaa,US,22.0752,-159.319,73.4,64,90,13.8
124,Pemangkat,ID,1.1667,108.9667,76.71,89,86,7.74
125,Agadez,NE,19.75,10.25,62.74,23,100,4.32
126,Mpika,ZM,-11.8343,31.4529,63.9,95,100,2.98
127,Saint-Philippe,RE,-21.3585,55.7679,77.0,57,20,6.91
128,Makakilo City,US,21.3469,-158.0858,80.6,44,1,14.97
129,Saint-Augustin,CA,51.226,-58.6502,35.73,87,100,15.23
130,Barra de Tecoanapa,MX,16.5167,-98.75,81.37,70,0,7.85
131,Nikolskoye,RU,59.7035,30.7861,5.0,85,90,4.47
132,Nantucket,US,41.2835,-70.0995,23.0,68,1,6.91
133,Sitka,US,57.0531,-135.33,24.8,50,90,12.66
134,Bereda,ES,43.2686,-7.5406,48.0,97,100,15.99
135,Latung,PH,5.5,120.8833,80.53,81,74,2.06
136,Ayorou,NE,14.7308,0.9174,78.01,15,56,8.43
137,Tura,IN,25.5198,90.2201,56.39,49,0,2.71
138,Dīr,PK,35.2058,71.8756,45.5,50,0,6.46
139,São José da Coroa Grande,BR,-8.8978,-35.1478,78.6,76,30,10.49
140,Manjo,CM,4.8428,9.8217,72.59,87,63,0.76
141,Norman Wells,CA,65.282,-126.8329,-27.4,75,1,8.05
142,Upata,VE,8.0086,-62.3989,71.85,86,50,6.96
143,Jamestown,US,42.097,-79.2353,21.99,63,90,9.22
144,Yārāda,IN,17.65,83.2667,64.4,94,71,2.3
145,Usta Muhammad,PK,28.1794,68.0445,58.46,32,79,2.48
146,Port Hardy,CA,50.6996,-127.4199,37.4,48,20,10.36
147,Santa Vitória do Palmar,BR,-33.5189,-53.3681,65.46,92,90,4.65
148,Southbridge,US,42.0751,-72.0334,18.0,68,18,3.06
149,Tateyama,JP,34.9833,139.8667,41.0,48,75,6.91
150,Sarlat-la-Canéda,FR,44.889,1.2166,42.01,94,96,5.01
151,Lagoa,PT,39.05,-27.9833,59.49,76,100,29.21
152,Khandyga,RU,62.6667,135.6,-28.84,83,41,2.42
153,Vestmannaeyjar,IS,63.4427,-20.2734,35.33,83,68,12.71
154,Kosh-Agach,RU,50.0,88.6667,15.28,88,100,4.03
155,Longyearbyen,SJ,78.2186,15.6401,14.0,44,0,10.36
156,Gamba,GA,-2.65,10.0,78.69,87,100,5.17
157,Saint George,US,37.1041,-113.5841,62.6,15,1,3.44
158,Praia,CV,14.9215,-23.5087,68.0,77,90,18.41
159,Santa Rosalía,MX,27.3167,-112.2833,67.78,42,0,4.18
160,Abnūb,EG,27.2696,31.1511,57.2,54,0,11.5
161,Naze,JP,28.3667,129.4833,57.2,62,75,13.8
162,Tamandaré,BR,-8.7597,-35.1047,78.31,78,6,8.97
163,Cidreira,BR,-30.1811,-50.2056,73.2,76,17,13.82
164,Yar-Sale,RU,66.8333,70.8333,-18.78,87,9,6.26
165,Deer Lake,CA,49.1667,-57.4316,32.0,93,90,9.22
166,Kūhdasht,IR,33.535,47.6061,45.61,58,19,2.26
167,Ascension,US,30.2169,-90.9001,62.6,77,90,4.61
168,Riyadh,SA,24.6877,46.7219,53.6,71,0,3.44
169,La Sarre,CA,48.8002,-79.1996,2.8,94,71,7.07
170,Beira,MZ,-19.8436,34.8389,79.32,86,32,6.78
171,Tasiilaq,GL,65.6145,-37.6368,23.0,54,90,12.66
172,Jumla,NP,29.2747,82.1838,39.94,51,0,5.14
173,Mayor Pablo Lagerenza,PY,-19.9309,-60.7718,78.75,34,0,2.8
174,Port Augusta,AU,-32.5,137.7667,82.99,34,0,4.61
175,Bilibino,RU,68.0546,166.4372,5.07,82,100,7.81
176,Tupik,RU,54.4253,119.9327,-6.27,87,62,2.57
177,Kruisfontein,ZA,-34.0033,24.7314,63.0,87,0,1.01
178,Adrar,MR,20.5022,-10.0711,60.69,30,9,9.66
179,Bubaque,GW,11.2833,-15.8333,77.7,62,0,12.33
180,Saint Paul Harbor,US,57.79,-152.4072,33.8,60,1,13.8
181,Laas,IT,46.6166,10.7002,32.0,85,0,2.77
182,Ningyang,CN,35.7642,116.7914,33.1,86,1,7.94
183,Aljezur,PT,37.3191,-8.8033,55.0,100,61,4.0
184,Kralendijk,BQ,12.15,-68.2667,80.6,74,20,16.11
185,Tiksi,RU,71.6872,128.8694,-27.36,86,95,3.91
186,Ila,NO,63.4305,10.3705,19.0,85,40,11.5
187,Padang,ID,-0.9492,100.3543,73.4,94,40,2.3
188,Tual,ID,-5.6667,132.75,83.35,80,95,16.08
189,Toppenish,US,46.3774,-120.3087,43.0,50,86,5.57
190,Marrakesh,MA,31.6315,-8.0083,53.6,87,20,6.91
191,Katherine,AU,-14.4667,132.2667,78.8,83,90,8.05
192,Provincia di Cagliari,IT,39.245,9.0912,57.2,82,0,14.97
193,Iskateley,RU,67.6803,53.1512,-11.11,89,100,14.45
194,New Norfolk,AU,-42.7826,147.0587,61.0,55,57,1.01
195,Kavieng,PG,-2.5744,150.7967,84.9,72,74,8.3
196,Forsytheganj,BY,52.6333,29.7333,14.47,96,100,19.44
197,Carnarvon,AU,-24.8667,113.6333,75.2,100,0,13.8
198,Oktyabr'skoye,RU,43.0645,44.7417,28.4,93,82,4.47
199,Zhanakorgan,KZ,43.9098,67.2495,28.15,87,100,4.05
200,Vila Velha,BR,-20.3297,-40.2925,78.01,94,75,1.14
201,Torres,BR,-29.3353,-49.7269,69.12,84,0,4.68
202,Taoudenni,ML,22.6783,-3.9836,62.31,27,0,9.22
203,Tuatapere,NZ,-46.1333,167.6833,53.87,92,100,10.54
204,Artemisa Province,CU,22.814,-82.7561,80.6,65,40,11.5
205,Kamenka,RU,51.3223,42.7678,-2.0,84,36,5.59
206,San Patricio,US,28.017,-97.5169,77.0,78,90,18.41
207,Praia da Vitória,PT,38.7333,-27.0667,60.8,72,20,15.26
208,Koslan,RU,63.4564,48.8989,-23.48,85,97,8.23
209,Neiva,CO,2.9273,-75.2819,79.81,66,81,3.47
210,Oleksandrivka,UA,46.8383,32.7612,40.87,96,100,15.41
211,La Plata,AR,-34.9215,-57.9545,68.0,86,50,1.99
212,Amoy,CN,24.4798,118.0819,59.0,63,90,11.18
213,Aklavik,CA,68.2191,-135.0107,-34.6,67,100,3.44
214,El Campo,US,29.1966,-96.2697,71.01,68,40,9.22
215,Hong Kong,HK,22.2855,114.1577,64.99,76,98,4.0
216,Killarney,IE,52.05,-9.5167,33.78,90,100,13.04
217,Sioux City,US,42.5,-96.4003,1.99,66,1,9.22
218,Turukhansk,RU,65.8167,87.9833,-2.36,89,44,11.65
219,Guerrero Negro,MX,27.9769,-114.0611,65.88,51,60,12.66
220,Airai,TL,-8.9266,125.4092,65.17,100,100,3.8
221,Roald,NO,62.5833,6.1333,23.0,63,0,6.91
222,Salym,RU,60.0625,71.4789,-13.4,89,96,5.48
223,Geraldton,AU,-28.7667,114.6,66.2,82,75,3.44
224,Kogon,UZ,39.7228,64.5517,37.4,81,0,6.91
225,Laguna,US,38.421,-121.4238,64.0,51,1,3.0
226,Talnakh,RU,69.4865,88.3972,1.65,91,100,7.02
227,Boyuibe,BO,-20.4167,-63.2833,77.0,78,90,2.62
228,St. George's,GD,12.0564,-61.7485,78.8,78,20,21.85
229,Singaraja,ID,-8.112,115.0882,79.43,77,100,3.04
230,Jām Sāhib,PK,26.2958,68.6292,55.4,82,45,3.06
231,Bud,US,39.447,-86.1758,24.01,88,99,3.11
232,Noumea,NC,-22.2763,166.4572,84.99,65,0,6.91
233,Namatanai,PG,-3.6667,152.4333,84.83,73,87,7.23
234,Jalu,LY,29.0331,21.5482,57.76,49,100,9.98
235,Ilulissat,GL,69.2167,-51.1,24.8,39,0,23.02
236,Kīhei,US,20.785,-156.4656,80.6,54,40,20.71
237,Maidenhead,GB,51.5228,-0.7199,30.99,80,75,5.75
238,Mount Gambier,AU,-37.8333,140.7667,62.6,59,0,17.27
239,Sendafa,ET,9.15,39.0333,51.03,92,98,3.85
240,Santa Ana,US,33.7456,-117.8678,64.99,67,40,12.66
241,Soe,ID,-9.8607,124.284,71.4,94,100,6.4
242,Usinsk,RU,65.9939,57.5281,-16.6,88,100,7.63
243,Saldanha,ZA,-33.0117,17.9442,66.2,82,0,11.5
244,Paamiut,GL,61.994,-49.6678,29.61,85,81,7.47
245,Dauriya,RU,49.9333,116.8667,0.55,92,0,4.52
246,Freeport,US,40.6576,-73.5832,26.6,54,1,6.91
247,Ürümqi,CN,43.801,87.6005,14.0,85,69,5.68
248,Havre-St-Pierre,CA,50.2334,-63.5986,23.0,68,75,12.66
249,Oranjemund,NA,-28.55,16.4333,63.93,89,0,12.53
250,Bima,ID,-8.4667,118.7167,80.19,82,97,0.89
251,Odienné,CI,9.51,-7.5692,74.86,25,3,2.37
252,Alice Springs,AU,-23.7,133.8833,87.8,37,0,8.05
253,Bandarbeyla,SO,9.4942,50.8122,74.5,72,46,19.53
254,Midyat,TR,37.4247,41.3393,48.2,87,75,8.05
255,San Joaquin,US,37.9333,-121.3011,64.4,52,1,2.39
256,Mehamn,NO,71.0357,27.8492,24.8,74,40,21.85
257,Hirara,JP,24.8,125.2833,66.2,68,75,13.8
258,Nabannagan West,PH,18.0715,121.5338,70.65,94,100,6.69
259,Bilma,NE,18.6853,12.9164,66.94,22,75,7.38
260,Evensk,RU,61.95,159.2333,6.91,90,72,24.16
261,Osečina,RS,44.3731,19.6014,41.0,56,0,2.3
262,Yumen,CN,40.2833,97.2,25.3,76,26,5.68
263,Arawa,PG,-6.2132,155.5367,85.71,72,86,6.2
264,Saysain,PH,14.5611,120.3925,77.0,69,75,11.5
265,Strezhevoy,RU,60.7333,77.5889,-13.0,77,20,2.24
266,Birjand,IR,32.8663,59.2211,35.6,69,0,4.61
267,Severo-Kuril'sk,RU,50.6789,156.125,22.3,85,12,2.04
268,Touros,BR,-5.1989,-35.4608,80.6,78,0,13.8
269,Klaksvík,FO,62.2266,-6.589,32.0,86,40,5.75
270,Ashquelon,IL,31.6693,34.5715,62.01,43,98,8.12
271,Pechenga,RU,69.5259,31.1703,17.6,86,20,12.66
272,La Roda,ES,39.2167,-2.15,46.4,71,0,17.27
273,Cranbrook,CA,49.4999,-115.7688,15.8,45,40,6.91
274,Zhigansk,RU,66.7697,123.3711,-26.61,81,0,7.87
275,Acapulco de Juárez,MX,16.8634,-99.8901,84.2,65,40,9.22
276,Astara,AZ,38.5,48.6667,42.8,100,75,3.44
277,Itarema,BR,-2.9248,-39.9167,79.57,85,69,10.29
278,Morondava,MG,-20.2833,44.2833,78.4,87,100,16.06
279,Yantal',RU,56.8471,105.2542,14.97,94,79,6.11
280,Muros,ES,42.7762,-9.0603,51.01,90,100,11.99
281,Altamira,BR,-3.2033,-52.2064,78.67,71,48,2.51
282,Kupang,ID,-10.1667,123.5833,80.6,100,40,9.22
283,San Francisco,US,37.7749,-122.4194,55.99,71,90,12.66
284,Kaputa,ZM,-8.4689,29.6619,69.94,80,94,3.06
285,Ciudad de Armería,MX,18.9333,-103.9667,82.4,61,1,9.22
286,Buchanan,LR,5.8808,-10.0467,77.0,94,20,7.45
287,Dwārka,IN,22.2394,68.9678,68.97,62,66,12.28
288,Mata,PT,40.683,-7.4592,48.0,90,100,10.0
289,Rach Gia,VN,10.0167,105.0833,75.2,100,40,3.44
290,Codrington,AU,-38.2667,141.9667,64.17,59,5,12.21
291,Aswān,EG,24.0934,32.907,59.83,60,0,7.92
292,Alekseyevsk,RU,57.8406,108.3492,14.38,95,68,3.44
293,Cassilândia,BR,-19.1133,-51.7342,70.47,75,20,5.21
294,Amarpur,IN,25.0333,86.9,52.48,64,0,4.52
295,Rio Grande,BR,-32.035,-52.0986,69.01,90,83,11.43
296,Pangkalanbuun,ID,-2.6833,111.6167,76.8,94,79,2.59
297,Sola,VU,-13.8833,167.55,82.27,64,12,4.56
298,São Filipe,CV,14.8961,-24.4956,70.14,77,100,11.16
299,Abalak,RU,58.1286,68.5944,-12.89,90,99,6.17
300,Narsaq,GL,60.9167,-46.05,39.2,28,40,36.82
301,Vila Franca do Campo,PT,37.7167,-25.4333,59.0,94,20,14.97
302,Vostok,RU,46.4856,135.8833,-10.1,89,100,6.17
303,Srīvardhan,IN,18.0333,73.0167,70.07,37,0,3.98
304,Sibolga,ID,1.7427,98.7792,76.03,77,25,3.98
305,Āsosa,ET,10.0667,34.5333,61.03,33,5,5.64
306,Mitsamiouli,KM,-11.3847,43.2844,82.49,79,100,17.16
307,Balta,UA,47.9355,29.6198,37.06,97,100,11.48
308,Sémbé,CG,1.6481,14.5806,72.99,71,96,2.8
309,Bayonet Point,US,28.3267,-82.6834,71.01,83,73,7.29
310,Grand Gaube,MU,-20.0064,57.6608,75.99,83,9,3.0
311,Bambous Virieux,MU,-20.3428,57.7575,77.0,88,40,3.44
312,Bahawalnagar,PK,30.5508,73.3908,55.22,38,55,1.83
313,Arraial do Cabo,BR,-22.9661,-42.0278,73.4,94,75,3.87
314,Beyneu,KZ,45.3167,55.2,21.9,82,100,5.1
315,Mufumbwe,ZM,-13.6833,24.8,64.9,97,100,4.34
316,East London,ZA,-33.0153,27.9116,67.86,76,34,4.54
317,Coquimbo,CL,-29.9533,-71.3436,64.4,72,0,11.5
318,Muroto-misakicho,JP,33.2833,134.15,41.0,48,20,6.91
319,Taksimo,RU,56.3444,114.8794,2.34,88,82,0.63
320,Alta Floresta,BR,-9.8756,-56.0861,80.6,89,40,3.44
321,Hailar,CN,49.2,119.7,-3.96,91,54,5.41
322,Moranbah,AU,-22.0016,148.0466,83.5,64,60,8.1
323,Corinth,GR,37.9407,22.9573,55.0,57,10,1.99
324,Newport,GB,51.5877,-2.9984,33.01,81,20,17.36
325,Rincon,US,32.296,-81.2354,57.2,72,75,8.05
326,Tilichiki,RU,60.4667,166.1,17.33,97,85,8.63
327,Nangomba,TZ,-10.9,38.5,71.92,94,100,5.61
328,Ulladulla,AU,-35.35,150.4667,60.8,100,75,6.91
329,Methóni,GR,36.8197,21.7049,57.0,82,13,2.3
330,Yatou,CN,37.15,122.3833,32.45,85,0,8.21
331,Dingle,PH,10.9995,122.6711,74.77,92,99,12.8
332,College,US,64.8569,-147.8028,-5.8,49,1,11.5
333,Fairlie,GB,55.756,-4.8556,30.0,90,21,1.01
334,Flinders,AU,-34.5833,150.8552,71.01,73,76,1.01
335,Walvis Bay,NA,-22.9575,14.5053,66.0,77,31,6.91
336,Cortez,US,37.3489,-108.5859,53.6,15,1,10.36
337,Saint-Pierre,RE,-21.3393,55.4781,77.0,57,20,6.91
338,Ginir,ET,7.1333,40.7,60.98,62,96,2.89
339,Mahanoro,MG,-19.9,48.8,76.87,88,91,6.26
340,Bonavista,CA,48.6499,-53.1147,32.0,100,100,11.5
341,Constitución,CL,-35.3333,-72.4167,60.35,85,11,11.14
342,Olafsvik,IS,64.8945,-23.7142,34.41,85,89,14.85
343,Orcopampa,PE,-15.2661,-72.3417,48.07,70,100,6.85
344,Los Llanos de Aridane,ES,28.6585,-17.9182,64.4,63,75,8.05
345,Indianola,US,41.3581,-93.5574,3.0,72,100,6.69
346,Värnamo,SE,57.186,14.04,21.0,89,93,8.01
347,Mumbwa,ZM,-14.9783,27.0619,65.16,97,100,3.87
348,Ixtapa,MX,20.7,-105.2,75.2,64,1,11.5
349,Cockburn Town,TC,21.4612,-71.1419,77.7,81,2,21.34
350,Florida,US,28.7505,-82.5001,69.01,77,40,5.75
351,Alofi,NU,-19.0595,-169.9187,87.8,66,75,12.66
352,Matara,LK,5.9485,80.5353,72.7,86,76,7.23
353,Dalmau,IN,26.0667,81.0333,51.84,68,0,4.83
354,Marquette,US,46.5333,-87.6335,3.99,62,82,5.44
355,Jurm,AF,36.8648,70.8342,40.17,70,98,1.63
356,Larreynaga,NI,12.6769,-86.5719,91.4,49,20,4.61
357,Vardø,NO,70.3705,31.1107,23.0,74,40,19.57
358,Tezu,IN,27.9167,96.1667,58.5,34,0,4.12
359,Cabo San Lucas,MX,22.8909,-109.9124,73.99,40,1,13.8
360,Broome,US,42.2506,-75.833,17.6,35,1,2.33
361,Lalupon,NG,7.4667,4.0667,76.26,87,39,2.66
362,Eirunepé,BR,-6.6603,-69.8736,77.47,86,98,1.34
363,Sabha,LY,27.0377,14.4283,54.39,38,100,4.72
364,Ust-Nera,RU,64.5667,143.2,-12.32,79,8,6.04
365,Honiara,SB,-9.4333,159.95,82.8,78,100,6.46
366,Saint-Joseph,RE,-21.3667,55.6167,77.0,57,20,6.91
367,Lüderitz,NA,-26.6481,15.1594,70.75,55,0,18.99
368,Pringsewu,ID,-5.3582,104.9744,74.43,92,100,1.07
369,Lashio,MM,22.9333,97.75,47.46,98,80,1.57
370,Kaeo,NZ,-35.1,173.7833,73.0,82,98,5.01
371,Myre,NO,69.1036,15.9492,28.4,74,97,18.41
372,Buin,CL,-33.7333,-70.75,75.2,46,0,8.05
373,Zhovti Vody,UA,48.3473,33.5003,23.0,93,90,17.9
374,Cosalá,MX,24.4125,-106.6908,73.0,53,0,3.0
375,Nizhniy Kuranakh,RU,58.8353,125.4869,-5.37,90,99,1.21
376,Lagos,NG,6.5833,3.75,80.15,86,42,4.29
377,Gornopravdinsk,RU,60.05,69.9,-19.68,88,49,2.89
378,Cherepovets,RU,59.1333,37.9,-5.8,92,59,5.95
379,Batagay-Alyta,RU,67.8006,130.4114,-23.69,75,0,3.24
380,Kondinskoye,RU,59.6481,67.41,-10.68,90,98,4.72
381,Campbell River,CA,50.0163,-125.2446,39.2,45,20,4.61
382,Kisi,NG,9.0833,3.85,73.8,19,27,1.61
383,Muleba,TZ,-1.8397,31.6544,68.4,67,98,4.14
384,Kismayo,SO,-0.3582,42.5454,77.59,83,88,15.93
385,Staritsa,RU,56.5075,34.9354,-1.8,93,91,3.33
386,Tūkrah,LY,32.5341,20.5791,57.72,76,0,7.47
387,Linares,CL,-35.85,-71.6,71.29,60,0,5.35
388,Kieta,PG,-6.2167,155.6333,84.74,75,83,10.45
389,Aketi,CD,2.7388,23.7833,68.4,43,58,0.81
390,Nexø,DK,55.0607,15.1306,28.4,69,90,18.41
391,Henties Bay,NA,-22.116,14.2845,66.0,85,43,3.0
392,Srednekolymsk,RU,67.45,153.6833,-9.76,90,97,6.46
393,São Miguel do Araguaia,BR,-13.275,-50.1628,71.37,95,39,4.36
394,Ust-Tsilma,RU,65.441,52.1498,-9.98,89,100,8.86
395,Kangalassy,RU,62.3464,129.9628,-23.8,69,100,4.47
396,Deep River,CA,46.1001,-77.4995,19.0,67,90,5.75
397,Ozinki,RU,51.1786,49.6769,-15.45,86,0,7.58
398,Bengkulu,ID,-3.8004,102.2655,76.71,75,78,4.72
399,Clyde River,CA,70.4692,-68.5914,6.8,92,1,27.63
400,Ambāgarh Chauki,IN,20.7833,80.7167,52.3,42,0,0.54
401,Trairi,BR,-3.2778,-39.2689,79.11,86,41,7.67
402,Tommot,RU,58.9564,126.2925,-10.03,88,100,1.9
403,Shimoda,JP,34.6667,138.95,41.0,48,75,6.91
404,Nioki,CD,-2.7167,17.6833,76.71,75,97,2.64
405,Carutapera,BR,-1.195,-46.02,79.03,84,41,8.5
406,Sobolevo,RU,54.4299,31.8996,7.92,91,100,12.95
407,Huesca,ES,42.1362,-0.4087,43.0,87,75,4.61
408,Kortkeros,RU,61.8106,51.5806,-14.8,76,0,8.95
409,Ust-Maya,RU,60.4167,134.5333,-21.96,86,100,2.08
410,Moses Lake,US,47.1301,-119.2781,39.2,41,90,10.36
411,Koch Bihār,IN,26.3167,89.4333,56.77,56,0,2.28
412,Shingū,JP,33.7333,135.9833,37.4,56,20,13.8
413,Algiers,DZ,36.7525,3.042,57.2,67,40,8.05
414,Mogadishu,SO,2.0371,45.3438,76.68,84,85,18.84
415,Port Antonio,JM,18.18,-76.4612,80.6,78,75,24.16
416,Nishihara,JP,26.1842,127.7558,60.8,58,40,5.75
417,Nicoya,CR,10.1483,-85.452,86.0,48,0,16.11
418,Lodja,CD,-3.4833,23.4333,73.04,65,100,0.69
419,City of San Pedro,PH,14.35,121.0167,77.0,88,75,2.3
420,Trivandrum,IN,8.4833,76.9167,77.0,78,20,7.56
421,Anadyr,RU,64.75,177.4833,10.4,72,75,15.66
422,Atyrau,KZ,47.1167,51.8833,12.2,67,0,6.71
423,Santa Rosa,PH,14.3122,121.1114,77.0,88,75,2.3
424,Leningradskiy,RU,69.3833,178.4167,-21.37,84,82,11.01
425,São Miguel,BR,-5.4667,-35.3667,80.6,78,0,13.8
426,Ulaanbaatar,MN,47.9077,106.8832,-9.4,77,2,2.24
427,Dryden,CA,49.7833,-92.7503,-14.8,53,1,13.8
428,Nkhotakota,MW,-12.9274,34.2961,74.53,85,100,8.59
429,Ukiah,US,39.1502,-123.2078,60.8,41,40,3.56
430,Poum,NC,-20.2333,164.0167,81.23,72,32,9.98
431,Alugan,PH,12.2188,125.4808,76.32,89,100,18.95
432,Morehead,US,37.2711,-87.1764,37.99,60,90,2.75
433,Faanui,PF,-16.4833,-151.75,81.43,76,9,13.35
434,Yerbogachën,RU,61.2767,108.0108,3.2,94,79,3.33
435,Lālmohan,BD,22.3384,90.7419,64.2,54,0,7.47
436,Tarsus,TR,36.9188,34.8784,53.6,87,0,2.3
437,Toumodi,CI,6.5613,-5.0158,77.0,83,75,6.91
438,Margate,GB,51.3813,1.3862,30.99,74,100,1.99
439,Koshurnikovo,RU,54.1667,93.3,18.63,97,100,0.92
440,Biltine,TD,14.5333,20.9167,65.52,23,44,12.66
441,Vilhena,BR,-12.7406,-60.1458,78.8,78,20,4.61
442,Hamilton,US,39.1834,-84.5333,33.8,47,90,9.22
443,Açu,BR,-5.5767,-36.9086,80.92,64,20,14.14
444,Santa Cruz de la Sierra,BO,-17.8,-63.1667,86.0,58,75,8.05
445,Nchelenge,ZM,-9.3451,28.734,72.55,83,100,5.35
446,Vasvár,HU,47.0493,16.7995,33.8,93,75,2.3
447,La Ronge,CA,55.1001,-105.2842,-18.4,57,100,13.8
448,Port-Cartier,CA,50.0334,-66.8654,19.0,73,75,9.22
449,Novikovo,RU,51.1537,37.8879,12.43,85,99,15.9
450,Gucheng,CN,35.9115,111.3192,36.99,73,21,0.89
451,Pa Sang,TH,18.5262,98.9394,66.2,72,75,14.97
452,Nador,MA,35.174,-2.9287,59.0,77,40,8.05
453,Lazarev,RU,52.225,141.5131,4.37,88,100,10.04
454,Cabedelo,BR,-6.9811,-34.8339,80.6,78,20,8.05
455,Seymchan,RU,62.8833,152.4333,-9.83,88,100,9.46
456,Talakan,RU,50.3167,130.3667,-11.65,88,98,2.24
457,Martapura,ID,-3.4167,114.85,77.0,100,40,2.3
458,Gushikawa,JP,26.3544,127.8686,57.2,67,1,10.36
459,Cap-Chat,CA,49.1001,-66.6821,21.2,63,86,26.46
460,Ostrovnoy,RU,68.0531,39.5131,4.33,91,96,19.24
461,Marsá Maţrūḩ,EG,31.3525,27.2453,60.8,39,0,13.8
462,Tarauacá,BR,-8.1614,-70.7656,75.63,95,100,1.25
463,Ransang,PH,8.9603,117.5828,79.2,78,91,1.77
464,Korem,ET,12.5058,39.5228,46.11,95,99,4.72
465,Arrondissement d'Arcachon,FR,44.5875,-1.0519,44.6,93,90,1.14
466,Erzin,TR,36.9559,36.2,55.4,100,94,2.3
467,Vondrozo,MG,-22.8167,47.2833,70.25,100,100,1.14
468,Sokolo,ML,14.7328,-6.1219,72.61,20,45,12.06
469,Christchurch,NZ,-43.5333,172.6333,70.0,49,100,16.11
470,Sinnamary,GF,5.3833,-52.95,77.72,79,52,14.32
471,Mandalgovi,MN,45.7625,106.2708,12.69,81,0,7.81
472,Bathsheba,BB,13.2167,-59.5167,77.0,65,0,16.11
473,Minot,US,48.2325,-101.2963,-5.8,49,20,24.16
474,Coyhaique,CL,-45.5752,-72.0662,84.2,30,0,4.61
475,Levice,SK,48.2156,18.6071,33.01,91,44,1.01
476,Cap Malheureux,MU,-19.9842,57.6142,75.99,83,10,3.0
477,Vaasa,FI,63.096,21.6158,-7.6,84,40,1.14
478,Oistins,BB,13.0667,-59.5333,77.0,65,0,16.11
479,Kiruna,SE,67.8557,20.2251,14.0,92,90,3.44
480,Domoni,KM,-12.2569,44.5319,80.38,78,100,8.75
481,Banyo,CM,6.75,11.8167,65.77,27,73,2.66
482,Ijuí,BR,-28.3878,-53.9147,69.19,72,0,7.16
483,Pouébo,NC,-20.4,164.5667,84.54,60,2,8.05
484,Paramonga,PE,-10.6667,-77.8333,71.49,82,95,7.78
485,Santiago de Cao,PE,-7.9589,-79.2392,69.8,88,82,14.97
486,Bagé,BR,-31.3314,-54.1069,68.0,77,0,4.61
487,Manokwari,ID,-0.8667,134.0833,79.88,83,100,2.37
488,Verkhoyansk,RU,67.5447,133.385,-31.56,79,29,2.55
489,Luangwa,ZM,-15.6167,30.4167,73.72,92,100,1.36
490,Dickson,US,36.077,-87.3878,44.6,70,20,3.44
491,Dunedin,NZ,-45.8742,170.5036,64.0,84,100,1.99
492,Jvari,GE,42.7169,42.052,51.8,66,0,5.75
493,Weyburn,CA,49.6668,-103.8511,-13.0,64,51,21.85
494,San Quintín,MX,30.4833,-115.95,61.29,69,0,6.8
495,Hof,DE,50.3167,11.9167,12.0,86,97,5.01
496,Ouadda,CF,8.0777,22.4007,64.36,27,88,6.6
497,Huatusco,MX,19.15,-96.95,67.46,80,0,1.88
498,Hay River,CA,60.8156,-115.7999,-22.0,63,100,18.41
499,Yermakovskoye,RU,53.2831,92.4003,19.2,92,100,5.79
500,Nakhon Phanom,TH,17.3333,104.4167,65.37,85,94,5.12
501,Khuzdar,PK,27.7384,66.6434,55.44,28,64,4.99
502,Divnomorskoye,RU,44.5011,38.1353,52.36,75,100,8.79
503,Quatre Cocos,MU,-20.2078,57.7625,77.0,88,40,3.44
504,Key West,US,24.5557,-81.7826,78.8,83,20,4.61
505,Ventspils,LV,57.3894,21.5606,15.8,100,75,5.75
506,Samarai,PG,-10.6167,150.6667,84.42,73,100,3.78
507,Champerico,GT,14.3,-91.9167,86.0,66,40,9.22
508,Ancud,CL,-41.8697,-73.8203,71.6,53,0,6.91
509,Clarence Town,AU,-32.5833,151.7833,75.99,64,75,16.11
510,Kamaishi,JP,39.2667,141.8833,24.8,63,75,2.3
511,Uyemskiy,RU,64.4743,40.8524,-23.8,76,12,0.92
512,Ekhabi,RU,53.5102,142.9671,3.85,93,100,20.2
513,Naryan-Mar,RU,67.6713,53.087,-11.42,89,100,14.14
514,Piteå,SE,65.3172,21.4794,12.2,92,75,5.75
515,Vao,NC,-22.6667,167.4833,77.63,79,10,6.31
516,Mezőberény,HU,46.8167,21.0333,35.01,84,34,5.01
517,Hambantota,LK,6.1241,81.1185,75.2,94,1,6.91
518,Payakumbuh,ID,-0.2202,100.6308,70.02,89,99,0.98
519,Colares,PT,38.7992,-9.4469,57.99,90,100,20.36
520,Corn Island,NI,12.1694,-83.0418,79.81,76,1,15.37
521,Iracoubo,GF,5.4802,-53.2011,77.83,78,58,14.74
522,Half Moon Bay,US,37.4636,-122.4286,57.2,87,40,5.75
523,Nishifukuma,JP,33.7667,130.4667,39.99,60,40,9.22
524,Rantauprapat,ID,2.1,99.8333,72.86,93,89,1.52
525,Sheboygan,US,43.7333,-87.9334,3.2,66,90,5.75
526,Ust'-Ilimsk,RU,58.0006,102.6619,25.16,93,95,12.1
527,Nadym,RU,65.5333,72.5167,-16.11,89,89,4.52
528,Kargasok,RU,59.0556,80.8572,-2.92,93,82,6.02
529,Yebaishou,CN,41.3975,119.6408,18.43,80,0,3.36
530,Sinfra,CI,6.6167,-5.9167,77.0,83,75,6.91
531,Porto Santo,PT,33.072,-16.3415,57.2,94,75,14.97
532,Hofn,IS,64.2539,-15.2082,32.05,91,100,16.22
533,Kambove,CD,-10.8764,26.5969,62.28,99,100,3.47
534,Boz,FR,46.4071,4.9109,35.01,94,100,1.99
535,Kahului,US,20.8947,-156.47,80.6,54,40,20.71
536,Hurghada,EG,27.2574,33.8129,60.8,33,0,2.3
537,Faya,SA,18.3851,42.4509,48.2,87,40,4.61
538,Inhambane,MZ,-23.865,35.3833,77.09,84,3,10.29
539,Chokurdakh,RU,70.6333,147.9167,-13.07,85,0,10.18
540,Bowen,AU,-20.0167,148.2333,82.4,74,40,10.36
541,Chu,KZ,43.5983,73.7614,24.21,97,100,5.93
542,Kongsberg,NO,59.6652,9.6465,21.0,93,91,5.99
543,Hīt,IQ,33.6416,42.8251,57.7,60,90,1.81
544,Maniitsoq,GL,65.4167,-52.9,24.28,82,0,10.71
545,Kimbe,PG,-5.5502,150.1429,87.8,63,26,3.24
546,Okhotsk,RU,59.3833,143.3,13.23,89,100,11.9
547,Kitimat,CA,54.0524,-128.6534,21.0,66,11,5.46
548,Zhuanghe,CN,39.7008,122.9911,26.01,51,0,1.95
549,Waingapu,ID,-9.6567,120.2641,80.29,76,100,4.7
550,Acandí,CO,8.5063,-77.2778,77.5,83,76,8.93
551,Simao,CN,22.7886,100.9748,45.05,93,84,1.63
552,Kununurra,AU,-15.7667,128.7333,80.6,89,90,5.75
553,Point Pleasant,US,40.0832,-74.0682,28.0,68,1,4.18
554,Mtsamboro,YT,-12.6998,45.0689,80.6,83,90,6.91
555,Sydney,AU,-33.8679,151.2073,73.0,49,75,11.5
556,Riwaka,NZ,-41.0833,173.0,71.01,79,98,5.99
557,Paita,PE,-5.0892,-81.1144,80.6,61,0,18.41
558,Gizo Government Station,SB,-8.103,156.8419,85.06,71,91,8.63
559,Swift Current,CA,50.2834,-107.8014,-16.6,76,40,24.16
560,Korla,CN,41.7597,86.1469,30.6,81,61,3.76
561,Gusev,RU,54.5922,22.1997,15.82,96,100,16.31
562,Irecê,BR,-11.3042,-41.8558,71.06,88,100,3.62
563,Mīnāb,IR,27.1467,57.0801,62.6,82,5,4.61
564,Biak,ID,-0.9131,122.8766,79.68,75,97,1.36
565,Cabral,DO,18.25,-71.2167,80.6,83,20,16.11
566,Tokur,RU,53.1333,132.9,-22.02,89,91,1.88
567,Corrente,BR,-3.7367,-43.3394,74.1,96,100,4.52
568,Ayagoz,KZ,47.9714,80.4392,20.07,95,100,13.11
569,Garden City,US,42.3256,-83.331,18.0,73,90,5.75
570,Tahoua,NE,14.8888,5.2692,70.61,17,66,11.12
571,Banjarmasin,ID,-3.3244,114.591,77.0,100,40,2.3
572,Baoro,CF,5.6667,15.9667,66.74,25,56,4.54
573,Lata,PT,40.1629,-8.3327,55.0,92,87,1.99
574,Altay,CN,47.8667,88.1167,31.42,92,100,1.68
575,Lubbock,US,33.6001,-101.8338,64.0,25,20,13.8
576,Portland,US,45.5234,-122.6762,46.4,46,90,1.63
577,Uri,IN,34.0833,74.0333,45.05,51,39,8.1
=======
0,Nikolskoye,RU,59.7035,30.7861,15.01,92,0,4.47
1,Rikitea,PF,-23.1203,-134.9692,77.58,67,10,7.4
2,Ponta do Sol,PT,32.6667,-17.1,60.01,72,30,3.0
3,Camacha,PT,33.0833,-16.3333,60.8,88,20,13.8
4,Grand Gaube,MU,-20.0064,57.6608,87.01,64,0,7.0
5,Jamestown,US,42.097,-79.2353,8.6,92,90,3.44
6,Ushuaia,AR,-54.8,-68.3,49.17,62,100,5.48
7,Avarua,CK,-21.2078,-159.775,77.0,94,75,3.44
8,Dudinka,RU,69.4058,86.1778,-18.71,86,94,9.73
9,Busselton,AU,-33.65,115.3333,64.99,89,66,3.0
10,Narsaq,GL,60.9167,-46.05,37.4,28,97,42.57
11,Betong,TH,5.7743,101.0723,86.05,57,91,2.15
12,Takoradze,GH,4.8845,-1.7554,82.96,80,39,8.5
13,New Norfolk,AU,-42.7826,147.0587,60.01,56,20,1.99
14,Tuktoyaktuk,CA,69.4541,-133.0374,-25.89,87,100,9.57
15,Udachny,RU,66.4167,112.4,-29.58,83,7,4.94
16,Westport,US,41.1415,-73.3579,18.0,65,0,1.01
17,Faanui,PF,-16.4833,-151.75,81.5,75,0,15.52
18,Kiunga,PG,-6.1219,141.2906,81.61,76,100,2.24
19,Albany,US,42.6001,-73.9662,15.01,56,4,1.01
20,Vardø,NO,70.3705,31.1107,21.2,86,90,27.63
21,Baharly,TM,38.4362,57.4316,57.13,49,0,12.12
22,Kupang,ID,-10.1667,123.5833,77.0,100,75,8.05
23,Voyvozh,RU,62.892,54.9635,-17.57,88,100,9.46
24,Mahébourg,MU,-20.4081,57.7,86.0,66,75,11.5
25,Muros,ES,42.7762,-9.0603,52.0,90,59,3.0
26,Bryan,US,30.6744,-96.37,51.8,100,1,4.61
27,Viedma,AR,-40.8135,-62.9967,55.0,80,43,4.63
28,Hilo,US,19.7297,-155.09,69.8,78,75,5.75
29,Develi,TR,38.3906,35.4922,48.2,61,75,4.68
30,Antofagasta,CL,-23.65,-70.4,62.6,88,0,4.61
31,Hanna,CA,51.6334,-111.9018,-31.0,67,57,6.33
32,Vila Velha,BR,-20.3297,-40.2925,69.8,94,90,2.3
33,Saskylakh,RU,71.9167,114.0833,-34.19,81,40,8.59
34,Bluff,NZ,-46.6,168.3333,60.64,76,100,11.65
35,Baruun-Urt,MN,46.6806,113.2792,10.33,93,1,11.79
36,Port Moresby,PG,-9.4431,147.1797,86.0,66,40,11.5
37,Port Hawkesbury,CA,45.6169,-61.3485,28.99,93,90,21.85
38,Hambantota,LK,6.1241,81.1185,82.4,83,40,16.11
39,Waddān,LY,29.1614,16.139,68.76,24,23,16.37
40,Lüderitz,NA,-26.6481,15.1594,80.44,33,0,21.03
41,Inhambane,MZ,-23.865,35.3833,89.6,58,40,11.5
42,Punta Arenas,CL,-53.15,-70.9167,55.4,54,90,5.75
43,Shambu,ET,9.5667,37.1,71.28,27,67,8.57
44,Cape Town,ZA,-33.9258,18.4232,80.01,53,20,14.97
45,Asău,RO,46.4333,26.4,32.0,73,100,3.15
46,Sept-Îles,CA,50.2001,-66.3821,19.4,73,100,3.44
47,Kapaa,US,22.0752,-159.319,62.6,82,40,6.91
48,Sittwe,MM,20.15,92.9,77.54,50,0,20.24
49,Faya,SA,18.3851,42.4509,51.8,71,75,14.97
50,Boyolangu,ID,-8.1181,111.8935,78.94,86,87,3.18
51,Englehart,CA,47.8169,-79.8664,-0.4,85,1,5.75
52,Kozhva,RU,65.1073,57.0459,-14.37,88,100,11.12
53,Don Luan,VN,11.5333,106.9167,91.47,43,45,3.71
54,Hermanus,ZA,-34.4187,19.2345,79.0,59,21,1.99
55,Tura,IN,25.5198,90.2201,78.6,25,0,7.34
56,Bata,GQ,1.8639,9.7658,86.0,74,40,1.19
57,Khovd,MN,48.0056,91.6419,23.45,77,72,3.98
58,Ribeira Grande,PT,38.5167,-28.7,60.8,82,75,24.16
59,Saldanha,ZA,-33.0117,17.9442,78.8,50,0,17.27
60,Khatanga,RU,71.9667,102.5,-24.63,81,13,13.15
61,Dunedin,NZ,-45.8742,170.5036,62.01,81,100,3.0
62,Barrow,US,71.2906,-156.7887,-29.2,85,1,6.91
63,Vaini,TO,-21.2,-175.2,75.2,94,90,10.36
64,Wonthaggi,AU,-38.6044,145.5913,62.01,75,97,10.83
65,Marabá,BR,-5.3686,-49.1178,77.0,100,90,2.3
66,Lebu,CL,-37.6167,-73.65,57.36,95,21,4.76
67,Hailey,US,43.5196,-114.3153,21.2,68,1,3.44
68,Puerto Ayora,EC,-0.7393,-90.3518,75.99,97,100,5.03
69,American Canyon,US,38.1749,-122.2608,48.0,87,1,4.61
70,Taitung City,TW,22.7583,121.1444,71.6,78,75,14.97
71,San Cristobal,VE,7.7669,-72.225,65.98,81,100,1.97
72,Baní,DO,18.2833,-70.3333,75.99,81,42,3.0
73,Tāttayyangārpettai,IN,11.1333,78.45,89.6,33,20,10.36
74,Kaspiysk,RU,42.8816,47.6392,37.4,81,90,15.66
75,Mataura,NZ,-46.1927,168.8643,64.24,66,100,3.13
76,Singleton,AU,-32.5667,151.1833,70.0,51,35,5.99
77,Lethem,GY,3.3803,-59.7968,76.28,78,94,11.16
78,Joshīmath,IN,30.5667,79.5667,67.33,21,0,4.79
79,Souillac,MU,-20.5167,57.5167,86.0,66,75,11.5
80,Cayenne,GF,4.9333,-52.3333,78.8,89,75,8.05
81,Aloha,US,45.4943,-122.8671,39.99,100,90,4.61
82,Smoky Lake,CA,54.1169,-112.4686,-25.6,68,51,3.44
83,Castro,BR,-24.7911,-50.0119,50.56,97,9,3.53
84,Qaanaaq,GL,77.484,-69.3632,20.98,84,100,5.46
85,Erzincan Province,TR,39.75,39.5,46.4,61,0,4.61
86,Provideniya,RU,64.3833,-173.3,-1.77,85,100,21.92
87,Port Alfred,ZA,-33.5906,26.891,75.99,71,86,5.99
88,Hong Kong,HK,22.2855,114.1577,71.01,80,66,3.0
89,George Town,MY,5.4112,100.3354,89.6,62,20,10.36
90,Baykit,RU,61.67,96.37,16.7,92,100,8.3
91,Bredasdorp,ZA,-34.5322,20.0403,78.8,44,10,5.75
92,Yellowknife,CA,62.456,-114.3525,-35.0,67,1,12.66
93,Cabo San Lucas,MX,22.8909,-109.9124,59.0,57,95,3.0
94,Tual,ID,-5.6667,132.75,83.68,80,78,17.81
95,Pingliang,CN,35.5392,106.6861,48.06,46,0,6.49
96,Santa Vitória do Palmar,BR,-33.5189,-53.3681,62.83,90,3,1.81
97,Nanortalik,GL,60.1432,-45.2371,29.3,90,100,12.44
98,Kualakapuas,ID,-3.0091,114.3876,84.2,79,40,2.3
99,Itapuranga,BR,-15.5622,-49.9486,67.82,97,98,3.78
100,Airai,TL,-8.9266,125.4092,66.18,100,100,3.04
101,San-Pédro,CI,4.7485,-6.6363,80.49,85,60,4.79
102,Strezhevoy,RU,60.7333,77.5889,6.8,72,0,8.95
103,Thompson,CA,55.7435,-97.8558,-25.6,68,90,16.11
104,Saint Paul Harbor,US,57.79,-152.4072,28.4,80,1,3.44
105,Zhezkazgan,KZ,47.8043,67.7144,15.8,73,40,17.9
106,Fortuna,US,40.5982,-124.1573,46.0,100,90,3.58
107,Mazyr,BY,52.0495,29.2456,13.64,88,100,14.25
108,Hithadhoo,MV,-0.6,73.0833,82.85,73,91,9.93
109,Aden,YE,12.7794,45.0367,77.18,67,0,8.23
110,Torbay,CA,47.6666,-52.7314,30.0,86,90,9.22
111,Atuona,PF,-9.8,-139.0333,79.81,75,12,20.92
112,Clyde River,CA,70.4692,-68.5914,-4.0,84,1,16.11
113,Arraial do Cabo,BR,-22.9661,-42.0278,71.6,94,75,3.44
114,Cloquet,US,46.7216,-92.4594,-18.99,69,1,4.61
115,Sioux Lookout,CA,50.1001,-91.917,-27.4,75,1,5.75
116,Lompoc,US,34.6391,-120.4579,50.0,93,90,3.04
117,Saint George,US,37.1041,-113.5841,37.4,38,1,1.45
118,Chokurdakh,RU,70.6333,147.9167,-12.64,86,0,8.32
119,Kwang Binh,VN,17.4833,106.6,68.85,90,100,9.91
120,Port Blair,IN,11.6667,92.75,81.34,73,9,11.14
121,Port Macquarie,AU,-31.4333,152.9167,70.0,80,16,11.41
122,Ostrovnoy,RU,68.0531,39.5131,-0.6,90,95,0.25
123,Pemangkat,ID,1.1667,108.9667,81.59,78,100,14.09
124,San Angelo,US,31.4638,-100.437,55.4,62,1,6.91
125,East London,ZA,-33.0153,27.9116,75.2,53,20,19.57
126,Touros,BR,-5.1989,-35.4608,75.2,94,40,3.44
127,Hofn,IS,64.2539,-15.2082,33.8,86,90,11.5
128,Saint-Philippe,RE,-21.3585,55.7679,89.6,55,75,11.5
129,Namatanai,PG,-3.6667,152.4333,81.86,79,99,6.51
130,Saint-François,FR,46.4154,3.9054,39.99,81,90,1.9
131,Saint-Pierre,RE,-21.3393,55.4781,89.6,55,75,11.5
132,Ingham,US,42.6,-84.3833,7.0,85,90,5.88
133,Vao,NC,-22.6667,167.4833,78.84,83,0,0.69
134,Staryy Nadym,RU,65.6118,72.6842,-9.17,87,19,10.76
135,Samandağ,TR,36.0842,35.9771,60.8,77,75,4.61
136,San Alberto,CO,7.7611,-73.3922,76.6,63,91,3.58
137,Kavieng,PG,-2.5744,150.7967,84.16,72,90,6.11
138,Batagay-Alyta,RU,67.8006,130.4114,-18.96,78,93,0.92
139,Nyurba,RU,63.2842,118.3319,-8.59,91,100,6.46
140,Ketchikan,US,55.3422,-131.6461,28.4,68,90,4.74
141,Alvarães,BR,-3.2208,-64.8042,72.07,98,99,1.1
142,Mar del Plata,AR,-38.0023,-57.5575,62.01,72,75,11.5
143,Hobart,AU,-42.8794,147.3294,59.0,54,75,19.57
144,Padang,ID,-0.9492,100.3543,87.8,62,20,5.75
145,Pleshanovo,RU,52.8333,53.4833,-4.04,88,100,16.58
146,Sulangan,PH,11.1373,123.7228,76.64,90,100,13.38
147,Portland,US,45.5234,-122.6762,41.0,81,75,4.61
148,Leningradskiy,RU,69.3833,178.4167,-18.44,86,24,10.04
149,Saint Anthony,US,45.0205,-93.218,-5.8,77,90,3.44
150,Nur-Sultan,KZ,51.1801,71.446,12.2,85,75,24.61
151,Benguela,AO,-12.5763,13.4055,80.89,66,97,7.43
152,Charlestown,AU,-32.95,151.6667,71.01,84,99,7.34
153,São Filipe,CV,14.8961,-24.4956,68.68,76,97,11.52
154,Caconda,AO,-13.7333,15.0667,74.53,46,90,5.91
155,Kumul,CN,42.8,93.45,45.12,46,100,2.42
156,Krasnyy Chikoy,RU,50.3643,108.7512,17.11,94,73,0.18
157,Berlevåg,NO,70.8578,29.0864,24.8,58,40,25.32
158,Ahipara,NZ,-35.1667,173.1667,63.45,86,94,6.64
159,Laas,IT,46.6166,10.7002,41.0,74,0,6.91
160,Constitución,CL,-35.3333,-72.4167,56.25,92,0,4.63
161,Hasaki,JP,35.7333,140.8333,42.8,33,40,11.5
162,Geraldton,AU,-28.7667,114.6,73.4,64,75,16.11
163,Mendeleyevsk,RU,55.9082,52.2905,-11.2,64,40,11.18
164,Agadez,NE,19.75,10.25,73.76,17,100,6.67
165,Kédougou,SN,12.5579,-12.1743,77.0,27,0,4.61
166,Kokkola,FI,63.8385,23.1307,17.01,84,0,2.3
167,Zhangjiakou,CN,40.81,114.8794,29.77,70,99,1.01
168,Upernavik,GL,72.7868,-56.1549,18.3,80,89,5.28
169,Puerto Carreño,CO,6.189,-67.4859,77.7,69,80,11.32
170,Tuatapere,NZ,-46.1333,167.6833,62.44,78,100,5.66
171,Beira,MZ,-19.8436,34.8389,86.0,79,75,6.91
172,Kirakira,SB,-10.4544,161.9205,80.56,80,100,6.78
173,Albert,FR,50.0009,2.651,26.6,86,90,8.05
174,Malbork,PL,54.0359,19.0266,12.0,73,100,7.0
175,Yumen,CN,40.2833,97.2,42.62,47,9,8.59
176,Klaksvík,FO,62.2266,-6.589,35.6,55,40,19.57
177,Kiryat Gat,IL,31.61,34.7642,73.0,52,31,1.34
178,Sydney,AU,-33.8679,151.2073,71.01,73,75,12.66
179,Jennings,US,38.7192,-90.2604,19.4,67,90,6.91
180,Katobu,ID,-4.9408,122.5276,84.69,69,87,7.34
181,Matara,LK,5.9485,80.5353,83.03,75,51,5.08
182,Carnarvon,AU,-24.8667,113.6333,84.2,100,0,13.8
183,Lázaro Cárdenas,MX,17.9583,-102.2,70.09,84,38,4.72
184,Tezu,IN,27.9167,96.1667,79.38,21,0,3.94
185,Salalah,OM,17.0151,54.0924,80.6,47,0,11.5
186,Kirchbichl,AT,47.5094,12.1042,36.0,92,100,1.81
187,Pevek,RU,69.7008,170.3133,-10.79,84,0,4.74
188,Aquiraz,BR,-3.9014,-38.3911,80.6,83,40,9.22
189,Puma,TZ,-5.0,34.7333,63.27,92,100,2.46
190,Kiama,AU,-34.6833,150.8667,69.01,82,80,4.92
191,Scarborough,GB,54.2797,-0.4044,33.01,81,99,8.99
192,Inverell,AU,-29.7833,151.1167,75.0,61,81,5.99
193,Kisangani,CD,0.5167,25.2,86.43,34,86,4.09
194,São Félix do Xingu,BR,-6.6447,-51.995,71.89,96,100,1.52
195,Abadan,TM,38.0507,58.2056,50.0,71,90,11.5
196,City of San Pedro,PH,14.35,121.0167,87.8,51,40,11.5
197,Lata,PT,40.1629,-8.3327,55.0,93,64,1.01
198,Camopi,GF,3.1655,-52.3158,71.35,98,100,1.77
199,Aleksandrovskoye,RU,44.7142,43.0008,26.6,93,90,15.66
200,Ouro Sogui,SN,15.6064,-13.3211,69.8,32,0,6.91
201,Uelzen,DE,52.9667,10.5667,21.99,79,75,17.27
202,Mossamedes,AO,-15.1961,12.1522,75.2,69,40,11.5
203,Beringovskiy,RU,63.05,179.3167,3.94,94,100,12.06
204,Iqaluit,CA,63.7506,-68.5145,32.0,69,75,8.05
205,Poum,NC,-20.2333,164.0167,81.27,70,17,4.83
206,Alofi,NU,-19.0595,-169.9187,77.0,100,75,4.61
207,Kaitangata,NZ,-46.2817,169.8464,64.0,81,100,4.0
208,Kenai,US,60.5544,-151.2583,5.0,78,1,4.61
209,Shimoda,JP,34.6667,138.95,48.06,50,0,24.09
210,Mendi,PG,-6.1761,143.6513,60.12,98,100,0.63
211,Sitka,US,57.0531,-135.33,28.4,69,90,12.66
212,Sinnamary,GF,5.3833,-52.95,77.16,83,99,11.86
213,Paragominas,BR,-2.9667,-47.4833,70.81,99,23,2.24
214,College,US,64.8569,-147.8028,-20.2,76,1,4.61
215,Cidreira,BR,-30.1811,-50.2056,68.25,76,0,5.14
216,Okhotsk,RU,59.3833,143.3,17.17,92,100,10.25
217,Olafsvik,IS,64.8945,-23.7142,35.28,80,82,14.47
218,Buenos Aires,AR,-34.6132,-58.3772,71.6,78,90,6.91
219,Teknāf,BD,20.8624,92.3058,77.5,45,0,18.97
220,Tanete,ID,-3.9443,119.7848,85.64,64,88,8.75
221,Salym,RU,60.0625,71.4789,1.2,89,99,8.75
222,Boguchany,RU,58.3814,97.4531,25.65,94,38,5.46
223,Mvuma,ZW,-19.2792,30.5283,76.37,61,64,5.41
224,Goderich,CA,43.7501,-81.7165,12.2,67,100,9.22
225,Bodden Town,KY,19.2833,-81.25,78.01,74,0,7.0
226,Kununurra,AU,-15.7667,128.7333,78.8,100,40,3.44
227,Kruisfontein,ZA,-34.0033,24.7314,80.01,50,67,8.01
228,Coahuayana Viejo,MX,18.7333,-103.6833,70.63,77,81,4.43
229,Los Llanos de Aridane,ES,28.6585,-17.9182,62.6,72,20,6.91
230,Kieta,PG,-6.2167,155.6333,80.67,82,100,7.52
231,Guayaramerín,BO,-10.8368,-65.3614,73.09,98,100,3.78
232,Wangaratta,AU,-36.3667,146.3333,75.2,41,96,8.05
233,Harper,LR,4.375,-7.7169,81.01,83,90,6.24
234,Kahului,US,20.8947,-156.47,66.99,82,1,6.89
235,Key West,US,24.5557,-81.7826,72.0,94,90,6.91
236,Mahibadhoo,MV,3.7833,72.9667,82.63,75,35,17.18
237,High Rock,BS,26.6208,-78.2833,71.6,100,75,4.61
238,Port Hardy,CA,50.6996,-127.4199,39.2,93,20,8.05
239,Itacaré,BR,-14.2775,-38.9967,76.59,90,100,8.34
240,Lorengau,PG,-2.0226,147.2712,83.3,72,100,7.07
241,Krasnosel'kup,RU,65.7,82.4667,0.45,91,92,12.26
242,Severo-Kuril'sk,RU,50.6789,156.125,22.5,92,95,10.98
243,Coquimbo,CL,-29.9533,-71.3436,57.2,82,0,2.82
244,Plouzané,FR,48.3833,-4.6167,37.4,75,90,14.97
245,Arrondissement de Mende,FR,44.6667,3.5,32.0,100,100,2.75
246,Monroe,US,43.1501,-77.6831,10.99,72,1,10.36
247,Margate,GB,51.3813,1.3862,32.0,78,100,3.0
248,Codrington,AU,-38.2667,141.9667,60.1,72,99,13.62
249,Dabeiba,CO,7.0017,-76.2672,74.26,77,100,0.29
250,Norman Wells,CA,65.282,-126.8329,-41.8,66,1,5.03
251,Wukari,NG,7.85,9.7833,87.42,13,81,6.02
252,Soest,DE,51.5756,8.1062,19.99,92,100,8.01
253,Kawalu,ID,-7.3817,108.2082,78.12,85,98,1.97
254,Malindi,KE,-3.2175,40.1191,86.0,62,75,13.8
255,Cosalá,MX,24.4125,-106.6908,58.69,56,100,1.97
256,Pāsighāt,IN,28.0667,95.3333,77.14,28,0,4.32
257,Butaritari,KI,3.0707,172.7902,81.82,80,93,16.84
258,Todos Santos,MX,23.45,-110.2167,59.0,77,10,5.99
259,Verkhnyaya Inta,RU,65.9811,60.3094,-12.89,89,100,8.72
260,Sergeevka,KZ,53.88,67.4158,-3.05,88,97,17.83
261,Balabac,PH,7.9868,117.0645,81.01,79,71,12.48
262,Koslan,RU,63.4564,48.8989,-16.44,85,100,10.33
263,Maïné Soroa,NE,13.2114,12.0241,79.03,18,8,12.57
264,Waitati,NZ,-45.75,170.5667,62.01,88,100,1.01
265,Valdivia,CL,-39.8142,-73.2459,53.6,100,90,1.74
266,Jardim,BR,-21.4803,-56.1381,63.07,77,0,1.34
267,Sesheke,ZM,-17.4759,24.2968,78.06,76,100,8.37
268,Nizwá,OM,22.9333,57.5333,81.66,19,95,6.33
269,Caravelas,BR,-17.7125,-39.2481,75.81,91,100,11.88
270,Tarakan,ID,3.3,117.6333,86.0,70,20,4.61
271,Witu,KE,-2.3889,40.4382,84.2,65,75,3.33
272,Adeje,ES,28.1227,-16.726,64.4,68,75,3.44
273,Cap-aux-Meules,CA,47.3821,-61.8597,26.6,93,100,25.32
274,Belyy Yar,RU,53.6039,91.3903,33.8,60,76,2.21
275,Vanimo,PG,-2.6741,141.3028,81.43,81,89,6.13
276,Vernon,CA,50.2581,-119.2691,26.6,50,100,4.61
277,Pingxiang,CN,27.6167,113.85,52.65,89,100,2.91
278,Talaya,RU,61.3833,152.75,-13.23,86,100,6.96
279,Tasiilaq,GL,65.6145,-37.6368,21.2,49,40,5.75
280,Katsuura,JP,35.1333,140.3,46.99,33,65,3.0
281,Broome,US,42.2506,-75.833,3.2,72,1,6.91
282,Biak,ID,-0.9131,122.8766,80.15,78,87,1.12
283,Longyearbyen,SJ,78.2186,15.6401,14.0,48,20,19.57
284,Tiksi,RU,71.6872,128.8694,-26.46,86,96,7.87
285,Sungai Penuh,ID,-2.0833,101.3833,79.41,54,95,6.4
286,Tarutyne,UA,46.1858,29.1506,37.35,93,100,16.44
287,Pskov,RU,57.8136,28.3496,17.6,79,75,6.71
288,Tiarei,PF,-17.5333,-149.3333,78.8,78,0,3.44
289,Bud,US,39.447,-86.1758,12.99,73,96,5.23
290,Taguatinga,BR,-12.3857,-46.5711,68.99,94,100,0.58
291,Muleba,TZ,-1.8397,31.6544,77.0,73,75,11.5
292,Būndu,IN,23.1833,85.5833,77.0,29,0,4.61
293,Chui,UY,-33.6971,-53.4616,62.44,90,26,2.33
294,Tuckahoe,US,37.5901,-77.5564,28.99,80,1,5.86
295,Hamilton,US,39.1834,-84.5333,18.0,57,90,4.61
296,Piaçabuçu,BR,-10.4056,-36.4344,77.38,81,100,10.56
297,Bunga,PH,11.4838,124.5918,76.39,90,100,0.87
298,Izumo,JP,35.3667,132.7667,39.2,65,75,20.71
299,Malakanagiri,IN,18.35,81.9,91.53,13,79,2.04
300,Guerrero Negro,MX,27.9769,-114.0611,57.36,86,0,6.62
301,Tateyama,JP,34.9833,139.8667,48.99,33,7,3.0
302,Kalat,PK,29.0225,66.5916,65.75,16,1,11.86
303,Yangi Marg`ilon,UZ,40.4272,71.7189,50.0,53,100,4.61
304,Dikson,RU,73.5069,80.5464,-29.45,85,90,18.81
305,Mora,CM,11.0461,14.1401,84.2,15,0,9.22
306,Yulara,AU,-25.2406,130.9889,98.6,14,6,12.66
307,Srikakulam,IN,18.3,83.9,81.75,42,88,11.61
308,Waipawa,NZ,-41.4122,175.5153,66.2,68,97,11.5
309,Sibolga,ID,1.7427,98.7792,86.0,64,84,3.76
310,Linqiong,CN,30.4159,103.4609,64.99,51,0,4.47
311,Kayan,MM,16.9056,96.5631,91.4,29,20,8.05
312,Novyy Khushet,RU,42.8994,47.5604,37.4,81,90,15.66
313,Natá,PA,8.3333,-80.5167,73.08,84,66,5.79
314,Upington,ZA,-28.4478,21.2561,87.8,27,0,2.3
315,Teseney,ER,15.11,36.6575,83.1,23,0,2.04
316,Dolores,AR,-36.3132,-57.6792,60.08,83,100,11.81
317,Nhulunbuy,AU,-12.2333,136.7667,84.2,79,75,12.66
318,Forsytheganj,BY,52.6333,29.7333,10.45,93,99,10.02
319,Orbetello,IT,42.4408,11.2196,51.8,76,40,4.61
320,Jaisalmer,IN,26.9147,70.9181,84.6,13,0,3.8
321,Zhalantun,CN,48.0,122.7167,4.46,85,2,3.51
322,Ilulissat,GL,69.2167,-51.1,21.2,38,0,35.68
323,Solano,US,38.2333,-121.9511,48.0,81,1,8.05
324,Atar,MR,20.5169,-13.0499,57.2,23,0,2.3
325,Pavlovsk,RU,50.4578,40.1081,12.0,90,90,6.58
326,Esperance,AU,-33.8667,121.9,89.6,27,0,20.71
327,Necochea,AR,-38.5473,-58.7368,57.99,76,35,10.51
328,Canary Islands,ES,28.0,-15.5,62.6,67,75,8.05
329,Russkiy Aktash,RU,55.0384,52.1214,-11.2,64,40,11.18
330,Bethel,US,41.3712,-73.414,18.0,53,1,4.61
331,San Quintín,MX,30.4833,-115.95,55.44,86,0,3.13
332,Tarboro,US,35.8968,-77.5358,30.2,96,1,6.17
333,Half Moon Bay,US,37.4636,-122.4286,48.99,76,1,2.3
334,Manicoré,BR,-5.8092,-61.3003,73.98,97,100,1.03
335,Zunyi,CN,27.6867,106.9072,51.42,80,100,4.0
336,Killybegs,IE,54.6333,-8.45,34.0,69,90,13.8
337,Zeya,RU,53.75,127.2667,-3.87,88,0,2.64
338,Chernukha,RU,55.5974,43.7556,-7.94,87,54,10.31
339,Naze,JP,28.3667,129.4833,59.0,63,20,13.8
340,Maceió,BR,-9.6658,-35.7353,71.6,100,0,3.44
341,Walvis Bay,NA,-22.9575,14.5053,69.01,68,22,17.27
342,Tambacounda,SN,13.7539,-13.7586,71.6,33,0,11.5
343,Umm Kaddadah,SD,13.6017,26.6876,76.57,18,3,18.37
344,Cootamundra,AU,-34.65,148.0333,75.99,53,81,5.53
345,Albury,AU,-36.0833,146.9167,78.8,50,87,2.42
346,Garissa,KE,-0.4536,39.6401,88.74,44,97,8.32
347,Hualmay,PE,-11.0964,-77.6139,70.56,77,100,5.17
348,Preobrazheniye,RU,42.9019,133.9064,11.95,83,0,12.3
349,Nizhniy Kuranakh,RU,58.8353,125.4869,-14.3,87,20,1.45
350,Soto la Marina,MX,23.7667,-98.2167,61.0,96,49,4.54
351,Yar-Sale,RU,66.8333,70.8333,-4.02,91,100,9.55
352,Gambo,CF,4.6482,22.2633,89.64,12,88,5.03
353,Nome,US,64.5011,-165.4064,-7.6,71,1,4.47
354,Verāval,IN,20.9,70.3667,82.17,29,0,8.57
355,Mananjary,MG,-21.2167,48.3333,88.29,62,74,12.82
356,Tigil',RU,57.8,158.6667,21.81,93,55,13.06
357,Hajdúbagos,HU,47.3929,21.6655,44.6,93,75,8.05
358,Chadan,RU,51.2833,91.5833,13.46,93,100,3.18
359,Athabasca,CA,54.7169,-113.2854,-27.4,67,79,2.3
360,Saquena,PE,-4.6667,-73.5167,72.82,93,100,0.49
361,Port Antonio,JM,18.18,-76.4612,77.0,73,75,3.44
362,Jumla,NP,29.2747,82.1838,62.58,24,0,5.06
363,Nelson Bay,AU,-32.7167,152.15,71.01,78,77,9.22
364,Ust'-Omchug,RU,61.15,149.6333,-6.68,87,100,10.56
365,Bambanglipuro,ID,-7.95,110.2833,80.83,83,100,13.76
366,Ulaangom,MN,49.9811,92.0667,3.63,92,100,2.19
367,Morgan City,US,29.6994,-91.2068,46.99,100,20,5.75
368,Sistranda,NO,63.7256,8.834,23.0,86,40,10.36
369,Jackson,US,42.4165,-122.8345,35.6,87,90,1.28
370,Khani,GE,41.9563,42.9566,64.4,52,0,11.5
371,Grindavik,IS,63.8424,-22.4338,32.0,74,0,16.11
372,Alugan,PH,12.2188,125.4808,77.99,91,100,18.21
373,Aklavik,CA,68.2191,-135.0107,-31.0,75,100,5.75
374,Menongue,AO,-14.6585,17.691,75.25,62,94,5.79
375,Yinchuan,CN,38.4681,106.2731,44.78,45,63,3.53
376,Anadyr,RU,64.75,177.4833,10.4,92,90,15.66
377,Tevaitoa,PF,-16.7833,-151.5,81.48,74,0,15.75
378,Persianovskiy,RU,47.5137,40.1075,17.6,86,75,8.95
379,Krasnovishersk,RU,60.4078,57.082,-17.79,84,100,6.87
380,Erenhot,CN,43.6475,111.9767,19.8,89,0,7.14
381,Port Elizabeth,ZA,-33.918,25.5701,75.2,60,20,23.02
382,Buchanan,LR,5.8808,-10.0467,80.6,83,40,3.44
383,Oriximiná,BR,-1.7656,-55.8661,74.75,91,100,3.87
384,Karratha,AU,-20.7377,116.8463,83.71,60,2,17.0
385,Bonthe,SL,7.5264,-12.505,80.56,75,3,4.41
386,Anloga,GH,5.7947,0.8973,78.8,83,75,4.61
387,Nodeland,NO,58.1552,7.8358,26.01,63,75,16.11
388,Palmer,US,42.1584,-72.3287,16.0,62,1,8.05
389,Awjilah,LY,29.1081,21.2869,78.17,15,100,21.05
390,Bosaso,SO,11.2842,49.1816,78.8,78,40,13.8
391,Menzelinsk,RU,55.7271,53.1026,-11.2,64,40,11.18
392,Mount Gambier,AU,-37.8333,140.7667,60.8,67,40,16.11
393,Clonakilty,IE,51.6231,-8.8706,37.0,69,90,17.27
394,Seoul,KR,37.5683,126.9778,32.0,31,0,12.66
395,Khāsh,IR,28.2211,61.2158,68.79,22,42,11.07
396,Destin,US,30.3935,-86.4958,46.99,93,1,3.44
397,Meulaboh,ID,4.1363,96.1285,85.77,68,61,7.87
398,Gijang,KR,35.2442,129.2139,41.0,11,0,13.8
399,Quatre Cocos,MU,-20.2078,57.7625,87.01,66,75,11.5
400,Hobyo,SO,5.3505,48.5268,82.94,62,81,22.06
401,Bariloche,AR,-41.1456,-71.3082,57.2,62,90,3.44
402,Washington,US,47.5001,-120.5015,33.01,87,100,0.83
403,Fort Walton Beach,US,30.4058,-86.6188,46.99,87,1,5.75
404,Vestmanna,FO,62.1564,-7.1664,35.6,55,40,19.57
405,Thai Binh,VN,20.45,106.3333,75.2,69,0,6.91
406,Bathsheba,BB,13.2167,-59.5167,77.0,65,40,20.71
407,‘Ewa Beach,US,21.3156,-158.0072,69.8,72,1,3.44
408,Vieira de Leiria,PT,39.8695,-8.9324,57.0,76,40,14.97
409,Tongchuanshi,CN,35.0806,109.0897,49.35,45,0,5.75
410,Adrar,MR,20.5022,-10.0711,58.3,34,0,11.7
411,Tadine,NC,-21.55,167.8833,78.13,77,43,3.13
412,Palana,RU,59.1167,159.9667,18.5,92,0,18.68
413,Cherskiy,RU,68.75,161.3,1.72,70,0,2.77
414,Ankazobe,MG,-18.3167,47.1167,80.6,54,75,9.22
415,Ipixuna,BR,-1.7625,-48.8043,75.2,88,20,2.3
416,Macenta,GN,8.5435,-9.471,77.52,60,48,0.34
417,Coxim,BR,-18.5067,-54.76,70.57,67,44,4.94
418,Zhongshan,CN,21.3226,110.5829,66.65,80,100,4.45
419,Nishihara,JP,26.1842,127.7558,66.2,42,40,10.36
420,Brewster,US,41.3973,-73.6171,15.8,53,1,4.61
421,Caohe,CN,30.2297,115.4335,54.0,69,100,5.12
422,Lagoa,PT,39.05,-27.9833,59.74,81,100,28.5
423,Valle del Guamuez,CO,0.4525,-76.9192,70.97,86,86,0.54
424,Vila,PT,42.0304,-8.1588,45.0,95,100,15.99
425,Banda Aceh,ID,5.5577,95.3222,86.11,66,29,13.71
426,Evensk,RU,61.95,159.2333,9.12,90,50,28.39
427,Pochutla,MX,15.7432,-96.4661,70.0,89,7,3.2
428,Kloulklubed,PW,7.0419,134.2556,80.6,89,75,8.05
429,Pangai,TO,-19.8,-174.35,80.19,84,100,21.7
430,Bambous Virieux,MU,-20.3428,57.7575,87.01,66,75,11.5
431,Nazareno,MX,25.3833,-103.4167,55.99,29,100,3.0
432,Pisco,PE,-13.7,-76.2167,71.6,83,0,2.3
433,Lavrentiya,RU,65.5833,-171.0,-6.56,85,87,12.91
434,Muroto-misakicho,JP,33.2833,134.15,50.0,34,20,17.27
435,Chifeng,CN,42.2683,118.9636,17.31,90,0,6.87
436,Bandarbeyla,SO,9.4942,50.8122,79.38,65,60,21.56
437,Plattsburgh,US,44.6995,-73.4529,14.0,52,1,9.22
438,Skibbereen,IE,51.55,-9.2667,35.6,69,90,17.27
439,Okha,RU,53.5739,142.9478,10.63,95,100,26.26
440,Husavik,IS,66.0449,-17.3389,32.0,80,75,3.44
441,Launceston,AU,-41.45,147.1667,63.0,55,50,13.8
442,Sulechów,PL,52.0836,15.6251,16.0,85,90,11.5
443,Shingū,JP,33.7333,135.9833,48.2,46,20,31.07
444,Cody,US,44.5263,-109.0565,0.0,78,90,6.91
445,Taoudenni,ML,22.6783,-3.9836,64.29,28,0,8.63
446,The Pas,CA,53.8251,-101.2541,-29.2,62,20,13.8
447,Wahiawā,US,21.5028,-158.0236,69.01,94,1,3.44
448,La Asuncion,VE,11.0333,-63.8628,75.63,86,64,14.92
449,Mayachnyy,RU,52.6839,55.685,-4.79,90,100,17.85
450,Zaysan,KZ,47.4667,84.8667,32.29,95,100,2.91
451,Lac du Bonnet,CA,50.2536,-96.0612,-29.99,100,58,4.0
452,São João da Barra,BR,-21.6403,-41.0511,69.35,92,100,5.57
453,Aranos,NA,-24.1333,19.1167,83.88,38,0,9.15
454,Cerritos,US,33.8583,-118.0648,53.01,100,90,2.77
455,Port-Gentil,GA,-0.7193,8.7815,84.2,79,40,2.3
456,Verkhotur'ye,RU,58.8627,60.8054,-11.58,87,100,8.03
457,Indramayu,ID,-6.3264,108.32,82.02,82,89,15.1
458,La Palma,US,33.8464,-118.0467,53.01,100,90,2.73
459,Makat,KZ,47.6469,53.3463,18.05,68,2,13.87
460,Dubréka,GN,9.7911,-13.5233,78.8,83,0,6.91
461,Nouadhibou,MR,20.931,-17.0347,60.8,72,0,19.57
462,Aksu,CN,41.1231,80.2644,46.58,43,100,2.48
463,Mayo,US,38.8876,-76.5119,28.4,50,1,9.22
464,Kalmunai,LK,7.4167,81.8167,80.31,82,55,17.45
465,Moerai,PF,-22.4333,-151.3333,81.07,72,0,11.9
466,Samarai,PG,-10.6167,150.6667,83.98,77,100,7.56
467,Fort Nelson,CA,58.8053,-122.7002,-22.0,69,40,4.61
468,Vilhena,BR,-12.7406,-60.1458,67.46,99,87,0.83
469,Talnakh,RU,69.4865,88.3972,-8.19,82,83,6.82
470,Lyaskelya,RU,61.7667,31.0167,9.88,94,13,6.31
471,Valparaíso,CL,-33.0393,-71.6273,50.0,100,0,2.3
472,‘Āhuimanu,US,21.4447,-157.8378,69.8,82,20,4.29
473,Saurimo,AO,-9.6608,20.3916,78.8,73,40,9.22
474,Bauchi,NG,10.5,10.0,81.28,15,10,6.24
475,Velyka Pysarivka,UA,50.4259,35.485,13.44,91,100,8.97
476,Lykhivka,UA,48.6874,33.9228,20.68,93,100,15.26
477,Buriti Bravo,BR,-5.8372,-43.8336,70.25,97,100,2.39
478,Kamiiso,JP,41.8167,140.65,19.4,86,75,8.05
479,Brae,GB,60.3964,-1.353,32.0,64,40,16.11
480,Oyama,JP,36.3,139.8,48.0,17,40,11.5
481,Ancud,CL,-41.8697,-73.8203,55.0,100,20,3.44
482,Qaqortoq,GL,60.7167,-46.0333,37.4,28,91,42.57
483,Ségou,ML,13.4317,-6.2157,74.97,19,92,13.0
484,Baoqing,CN,46.3317,132.2111,1.47,87,0,12.62
485,Grand-Lahou,CI,5.1367,-5.0242,81.32,84,61,10.27
486,Magadan,RU,59.5667,150.8,7.79,83,72,19.44
487,Vestmannaeyjar,IS,63.4427,-20.2734,37.4,81,40,25.32
488,Laranjeiras do Sul,BR,-25.4078,-52.4161,53.64,79,0,4.23
489,Varzob,TJ,38.7737,68.8178,66.2,39,75,6.71
490,Trairi,BR,-3.2778,-39.2689,76.3,90,5,5.59
491,Acajutla,SV,13.5928,-89.8275,76.66,67,90,3.96
492,Isangel,VU,-19.55,169.2667,78.8,89,20,3.98
493,Valley City,US,46.9233,-98.0032,-16.6,76,1,11.5
494,Terrasini,IT,38.146,13.0844,59.0,67,20,21.85
495,Burns Lake,CA,54.2331,-125.7533,3.2,85,5,1.14
496,São Miguel do Araguaia,BR,-13.275,-50.1628,68.45,100,93,3.2
497,Yara,CU,20.2753,-76.9533,69.69,91,0,0.47
498,Kutum,SD,14.2,24.6667,70.74,20,2,15.28
499,Lamar,US,33.6668,-95.5836,37.99,100,1,13.8
500,Jieshi,CN,22.8134,115.8257,73.0,68,30,27.38
501,Nador,MA,35.174,-2.9287,64.4,39,0,11.5
502,Moyale,KE,3.5167,39.0584,84.15,35,99,14.18
503,Inírida,CO,3.8653,-67.9239,71.91,98,97,1.3
504,Huntsville,US,34.7304,-86.5861,34.0,93,90,2.46
505,Fairbanks,US,64.8378,-147.7164,-20.2,74,1,3.65
506,Talcahuano,CL,-36.7167,-73.1167,57.2,100,90,1.14
507,Severodvinsk,RU,64.5635,39.8302,-4.0,77,75,8.95
508,Kargil,IN,34.5667,76.1,21.27,75,91,0.02
509,Isfana,KG,39.8386,69.5306,51.8,62,75,6.71
510,Santa Rosa,PH,14.3122,121.1114,87.8,51,40,11.5
511,Basco,PH,20.4487,121.9702,73.62,80,97,26.89
512,Tabas,IR,33.5959,56.9244,64.4,42,45,4.61
513,Puerto Escondido,MX,15.85,-97.0667,75.97,76,11,5.26
514,Portoferraio,IT,42.8115,10.3146,55.99,66,40,4.61
515,Tricase,IT,39.9304,18.3553,55.4,88,40,8.05
516,Sredniy Ikorets,RU,51.0675,39.7584,8.8,90,76,5.93
517,Copiapó,CL,-27.3667,-70.3333,55.4,82,0,4.61
518,Tarpon Springs,US,28.1461,-82.7568,59.0,94,0,4.61
519,Auki,SB,-8.7676,160.7034,80.6,84,100,8.03
520,Yerbogachën,RU,61.2767,108.0108,27.3,97,100,8.95
521,Abbeville,FR,50.1,1.8333,28.0,86,92,7.94
522,Srednekolymsk,RU,67.45,153.6833,1.09,82,69,10.22
523,Koumac,NC,-20.5667,164.2833,79.29,70,2,1.57
524,Mvomero,TZ,-6.25,38.6667,80.6,89,75,4.5
525,Manokwari,ID,-0.8667,134.0833,81.91,79,77,5.14
526,Yanliang,CN,34.6592,109.2292,50.0,34,0,6.71
527,Springdale,US,36.1867,-94.1288,34.0,93,90,9.22
528,Williston,US,48.147,-103.618,-16.01,78,14,3.8
529,Ixtapa,MX,20.7,-105.2,64.0,92,23,1.81
530,Alice Springs,AU,-23.7,133.8833,95.0,21,99,17.27
531,Ardmore,US,34.1743,-97.1436,39.99,93,90,10.36
532,Vila Franca do Campo,PT,37.7167,-25.4333,59.0,82,75,25.32
533,Halifax,CA,44.6453,-63.5724,28.99,100,100,20.71
534,Santiago del Estero,AR,-27.7951,-64.2615,72.23,43,61,3.87
535,Santa Maria,BR,-29.6842,-53.8069,62.6,100,20,3.44
536,Bereda,ES,43.2686,-7.5406,48.0,96,97,8.01
537,Terra Santa,BR,-2.1042,-56.4869,73.49,96,99,2.04
538,Ibrā’,OM,22.6906,58.5334,82.27,23,33,3.6
539,Olavarría,AR,-36.8927,-60.3225,57.0,84,39,3.0
540,Langarūd,IR,37.197,50.1535,51.8,100,90,8.12
541,Etchoropo,MX,26.7667,-109.6667,57.54,51,0,0.56
542,Watsa,CD,3.0372,29.5355,87.12,15,5,5.77
543,Musoma,TZ,-1.5,33.8,77.0,61,75,8.39
544,Totolapan,MX,18.5167,-96.1833,66.99,75,18,1.01
545,Agüimes,ES,27.9054,-15.4461,62.6,67,75,8.05
546,Turan,VN,16.0678,108.2208,77.0,78,75,5.75
547,Malakal,SS,9.5334,31.6605,89.35,14,8,10.18
548,Starkville,US,33.4504,-88.8184,32.0,100,1,3.71
549,Mīāndoāb,IR,36.9694,46.1027,57.2,41,75,4.61
550,Abnūb,EG,27.2696,31.1511,66.2,48,0,6.69
551,Ambilobe,MG,-13.2,49.05,87.21,66,99,4.21
552,Temir,KZ,49.1414,57.13,-0.17,90,100,18.61
553,Dingle,PH,10.9995,122.6711,73.99,93,100,8.25
554,Chipping Sodbury,GB,51.5381,-2.3938,34.0,74,94,3.0
555,Havre-St-Pierre,CA,50.2334,-63.5986,17.6,73,90,8.05
556,Kui Buri,TH,12.0828,99.8543,86.0,74,20,13.8
557,Ilmajoki,FI,62.7333,22.5667,10.99,85,75,3.15
558,San Juan,AR,-31.5375,-68.5364,66.83,67,99,15.03
559,Comodoro Rivadavia,AR,-45.8667,-67.5,57.2,62,0,14.97
560,Claveria,PH,18.6074,121.0832,75.9,85,81,19.35
561,Gerāsh,IR,27.6652,54.1371,69.8,52,40,4.61
562,Bismarck,US,46.8083,-100.7837,-16.01,76,40,2.98
563,Aswān,EG,24.0934,32.907,80.24,23,0,15.21
564,Baoning,CN,25.3378,110.026,57.2,77,90,8.95
565,Bengkulu,ID,-3.8004,102.2655,85.71,67,84,11.18
566,Umluj,SA,25.0213,37.2685,78.1,25,0,5.79
567,Karpathos,GR,35.507,27.2132,62.6,88,40,20.71
568,Esim,GH,4.8699,-2.2405,83.21,79,62,7.9
569,Montes Altos,BR,-5.8333,-47.0667,77.0,100,0,0.98
570,Martapura,ID,-3.4167,114.85,84.2,79,40,2.3
571,Diu,IN,20.7141,70.9822,84.16,27,0,12.37
572,Yurimaguas,PE,-5.9,-76.0833,72.41,89,83,0.78
573,Serebryansk,KZ,49.6925,83.2892,41.0,56,90,17.9
574,Rūdbār,AF,30.15,62.6,76.78,16,13,8.32
575,Pacific Grove,US,36.6177,-121.9166,44.6,87,1,4.61
576,Grand-Santi,GF,4.25,-54.3833,71.92,96,100,1.48
577,Tandaltī,SD,13.0167,31.8667,81.82,21,16,14.79
578,Port Hedland,AU,-20.3167,118.5667,87.8,58,0,19.57
>>>>>>> 1fcc76f45ee2ed0ecd1adb156c7d62119e2fe319
